MS_system,Microservice,Degree Centrality,In-degree Centrality,Out-degree Centrality,Eigenvector Centrality,Closeness Centrality,Betweenness Centrality,Load Centrality,Harmonic Centrality,Information Centrality,Currrent Flow Centrality,Subgraph Centrality,Cognitive complexity,Avg(NORM),Sum(NORM),Avg(DIT),Max(DIT),Avg(SIX),Sum(SIX),Avg(VG),Sum(VG),Max(VG),Avg(Fin),Sum(Fin),Max(Fin),Avg(Fout),Sum(Fout),Max(Fout),Sum(WMC),Max(WMC),Avg(LCOM*),Max(LCOM*),Sum(LCOM*),Avg(Si),Sum(Si),Max(Si),Sum(NMA),Avg(NOA),Sum(NOA),Avg(NOCh),Sum(NOCh),Avg(NOD),Sum(NOD),Avg(NOPa),Sum(NOPa),Avg(NBD),Max(NBD),Avg(MCLC),Sum(MCLC),Max(MCLC),Sum(Ca),Sum(Ce)
DentalAppointment,approval-service,0.4285714285714285,0.1428571428571428,0.2857142857142857,0.1581144428147425,0.1904761904761904,0.0,0.0,1.5,0.1588541666666666,0.2060889929742387,5.260361666667824,86.0,0.375,6.0,1.0625,2.0,0.09375,1.5,1.2653061224489797,62.0,6.0,0.0,0.0,0.0,0.0,0.0,0.0,62.0,19.0,0.8013605441428571,1.071428571,5.609523809,0.0,0.0,0.0,43.0,0.0625,1.0,0.0625,1.0,0.0625,1.0,0.0625,1.0,1.326530612244898,4.0,0.4081632653061224,20.0,6.0,8.0,5.0
DentalAppointment,message-service,0.5714285714285714,0.2857142857142857,0.2857142857142857,0.3162288102346435,0.3214285714285714,0.1071428571428571,0.1071428571428571,2.5,0.1713483146067415,0.4621389539422326,5.434687395510824,11.0,0.2857142857142857,4.0,1.1428571428571428,2.0,0.2564102563846153,3.3333333329999997,1.103448275862069,32.0,3.0,0.3448275862068966,10.0,3.0,0.3448275862068966,10.0,4.0,32.0,8.0,0.3367346938571428,0.857142857,2.357142857,1.1724137931034482,34.0,16.0,25.0,0.1428571428571428,2.0,0.1428571428571428,2.0,0.1428571428571428,2.0,0.1428571428571428,2.0,1.206896551724138,4.0,0.3103448275862069,9.0,7.0,11.0,7.0
Tap-And-Eat-MicroServices,item-service,0.375,0.25,0.125,0.0029630155098586,0.28125,0.0,0.0,2.5,0.1660899653979239,0.094047619047619,8.86626177383822,0.0,0.0,0.0,1.0,1.0,0.0,0.0,1.0,7.0,1.0,0.0,0.0,0.0,0.0,0.0,0.0,7.0,2.0,1.1666666664999998,1.333333333,2.3333333329999997,0.0,0.0,0.0,7.0,0.0,0.0,0.0,0.0,0.0,0.0,0.0,0.0,1.0,1.0,0.0,0.0,0.0,1.0,1.0
Tap-And-Eat-MicroServices,price-service,0.375,0.25,0.125,0.0029630155098586,0.28125,0.0,0.0,2.5,0.1660899653979239,0.094047619047619,8.86626177383822,0.0,0.0,0.0,1.0,1.0,0.0,0.0,1.0,6.0,1.0,0.0,0.0,0.0,0.0,0.0,0.0,6.0,2.0,1.1666666664999998,1.333333333,2.3333333329999997,0.0,0.0,0.0,6.0,0.0,0.0,0.0,0.0,0.0,0.0,0.0,0.0,1.0,1.0,0.0,0.0,0.0,1.0,1.0
Tap-And-Eat-MicroServices,store-service,0.25,0.125,0.125,1.3267115142541952e-05,0.1666666666666666,0.0,0.0,1.5,0.1384881708020773,0.0424107142857142,5.314362863440286,0.0,0.0,0.0,1.0,1.0,0.0,0.0,1.0,13.0,1.0,0.0,0.0,0.0,0.0,0.0,0.0,13.0,10.0,0.805555556,0.805555556,0.805555556,0.0,0.0,0.0,13.0,0.0,0.0,0.0,0.0,0.0,0.0,0.0,0.0,1.0,1.0,0.0,0.0,0.0,0.0,0.0
blog-microservices,composite-service,0.2,0.1,0.1,9.834264676732177e-08,0.1,0.0,0.0,1.0,0.0842105263157894,0.0515432098765432,4.719495298977005,44.0,0.0,0.0,1.0,1.0,0.0,0.0,1.2291666666666667,59.0,7.0,0.3541666666666667,17.0,2.0,0.3541666666666667,17.0,5.0,59.0,14.0,0.7476641415,1.0,5.981313132,1.0208333333333333,49.0,25.0,48.0,0.0,0.0,0.0,0.0,0.0,0.0,0.0,0.0,1.1875,3.0,0.4583333333333333,22.0,10.0,2.0,2.0
blog-microservices,edge-server,0.3,0.2,0.1,0.7071067829258826,0.2,0.0111111111111111,0.0111111111111111,2.0,0.0684410646387832,0.2000000000000001,2.928389910872498,0.0,0.0,0.0,1.0,1.0,0.0,0.0,1.0,2.0,1.0,0.0,0.0,0.0,0.0,0.0,0.0,2.0,2.0,1.0,1.0,1.0,0.0,0.0,0.0,2.0,0.0,0.0,0.0,0.0,0.0,0.0,0.0,0.0,1.0,1.0,0.0,0.0,0.0,0.0,0.0
blog-microservices,monitor-dashboard,0.2,0.2,0.0,1.4259683781261654e-06,0.2,0.0,0.0,2.0,0.081081081081081,0.0580246913580247,4.009155699378136,0.0,0.0,0.0,1.0,1.0,0.0,0.0,1.0,3.0,1.0,0.0,0.0,0.0,0.0,0.0,0.0,3.0,3.0,1.5,1.5,1.5,0.0,0.0,0.0,3.0,0.0,0.0,0.0,0.0,0.0,0.0,0.0,0.0,1.0,1.0,0.0,0.0,0.0,0.0,0.0
blog-microservices,product-service,0.2,0.1,0.1,9.834264676732177e-08,0.1,0.0,0.0,1.0,0.0842105263157894,0.0515432098765432,4.719495298976998,2.0,0.0,0.0,1.0,1.0,0.0,0.0,1.0,6.0,1.0,0.1666666666666666,1.0,1.0,0.1666666666666666,1.0,1.0,6.0,4.0,0.583333333,0.583333333,0.583333333,0.1666666666666666,1.0,1.0,6.0,0.0,0.0,0.0,0.0,0.0,0.0,0.0,0.0,1.1666666666666667,2.0,0.0,0.0,0.0,0.0,0.0
blog-microservices,recommendation-service,0.2,0.1,0.1,9.834264676732177e-08,0.1,0.0,0.0,1.0,0.0842105263157894,0.0515432098765432,4.7194952989770105,2.0,0.0,0.0,1.0,1.0,0.0,0.0,1.0,6.0,1.0,0.1666666666666666,1.0,1.0,0.1666666666666666,1.0,1.0,6.0,4.0,0.583333333,0.583333333,0.583333333,0.1666666666666666,1.0,1.0,6.0,0.0,0.0,0.0,0.0,0.0,0.0,0.0,0.0,1.1666666666666667,2.0,0.0,0.0,0.0,0.0,0.0
blog-microservices,review-service,0.2,0.1,0.1,9.834264676732177e-08,0.1,0.0,0.0,1.0,0.0842105263157894,0.0515432098765432,4.719495298977008,2.0,0.0,0.0,1.0,1.0,0.0,0.0,1.0,6.0,1.0,0.1666666666666666,1.0,1.0,0.1666666666666666,1.0,1.0,6.0,4.0,0.6,0.6,0.6,0.1666666666666666,1.0,1.0,6.0,0.0,0.0,0.0,0.0,0.0,0.0,0.0,0.0,1.1666666666666667,2.0,0.0,0.0,0.0,0.0,0.0
geocoder-microservices,geocoderlocal-service,0.375,0.25,0.125,0.2349789021466484,0.3828125,0.0,0.0,3.9166666666666665,0.1500852757248436,0.0999729437229435,8.66061552056111,70.0,0.2727272727272727,3.0,1.181818181818182,2.0,0.3333333333,3.3333333329999997,1.8235294117647056,62.0,22.0,0.1470588235294117,5.0,1.0,0.1470588235294117,5.0,2.0,62.0,46.0,0.4398148146666667,0.819444444,1.3194444440000002,0.2058823529411764,7.0,4.0,31.0,0.1818181818181818,2.0,0.1818181818181818,2.0,0.1818181818181818,2.0,0.1818181818181818,2.0,1.0588235294117647,2.0,1.4705882352941178,50.0,23.0,15.0,9.0
geocoder-microservices,zuul-gateway,0.625,0.375,0.25,0.5765340294753317,0.5104166666666667,0.3035714285714285,0.3035714285714285,4.833333333333334,0.1667719519898925,0.3317099567099569,9.812414362468626,0.0,0.0,0.0,1.0,1.0,0.0,0.0,1.0,7.0,1.0,0.0,0.0,0.0,0.0,0.0,0.0,7.0,4.0,1.0,1.0,1.0,0.0,0.0,0.0,7.0,0.0,0.0,0.0,0.0,0.0,0.0,0.0,0.0,1.0,1.0,0.0,0.0,0.0,1.0,1.0
jhipster-microservices-example,jhipster-registry,2.0,1.0,1.0,0.6344553044127323,0.8,0.5833333333333333,0.5833333333333333,3.5,0.3,1.4444444444444449,9.163432143784515,237.0,0.0,0.0,1.0,1.0,0.0,0.0,1.2594142259414225,301.0,7.0,0.6234309623430963,149.0,36.0,0.6234309623430963,149.0,30.0,301.0,18.0,0.578859819116279,1.25,24.890972222,6.539748953974895,1563.0,900.0,239.0,0.0,0.0,0.0,0.0,0.0,0.0,0.0,0.0,1.200836820083682,4.0,0.7740585774058577,185.0,18.0,25.0,21.0
microservice,eureka,0.8333333333333333,0.6666666666666666,0.1666666666666666,0.5883481051461716,0.6666666666666666,0.5,0.5,4.833333333333334,0.2419354838709677,0.488888888888889,12.111481148189869,0.0,0.0,0.0,1.0,1.0,0.0,0.0,1.0,3.0,1.0,0.0,0.0,0.0,0.0,0.0,0.0,3.0,2.0,0.0,0.0,0.0,0.0,0.0,0.0,3.0,0.0,0.0,0.0,0.0,0.0,0.0,0.0,0.0,1.0,1.0,1.0,3.0,2.0,0.0,0.0
microservice-kafka,invoicing,0.5714285714285714,0.4285714285714285,0.1428571428571428,0.4999962518573184,0.6363636363636364,0.0238095238095238,0.0238095238095238,5.0,0.1636363636363636,0.2328042328042326,4.312729567368953,2.0,0.0,0.0,1.0,1.0,0.0,0.0,1.0375,83.0,3.0,0.1375,11.0,3.0,0.1375,11.0,3.0,83.0,19.0,0.7382341268999999,1.333333333,7.382341268999999,0.3125,25.0,9.0,80.0,0.0,0.0,0.0,0.0,0.0,0.0,0.0,0.0,1.025,2.0,0.675,54.0,38.0,3.0,3.0
microservice-kafka,shipping,0.5714285714285714,0.4285714285714285,0.1428571428571428,0.4999962518573184,0.6363636363636364,0.0238095238095238,0.0238095238095238,5.0,0.1636363636363635,0.2328042328042328,4.312729567368956,2.0,0.0,0.0,1.0,1.0,0.0,0.0,1.0410958904109588,76.0,3.0,0.0684931506849315,5.0,3.0,0.0684931506849315,5.0,2.0,76.0,18.0,0.7298529412,1.333333333,7.298529412,0.0958904109589041,7.0,4.0,73.0,0.0,0.0,0.0,0.0,0.0,0.0,0.0,0.0,1.0273972602739727,2.0,0.6986301369863014,51.0,38.0,3.0,3.0
piggymetrics,auth-service,0.5,0.1666666666666666,0.3333333333333333,0.1834615582825173,0.3205128205128205,0.0037878787878787,0.0037878787878787,4.833333333333333,0.1339620606598041,0.149954324531657,43.745381288613785,0.0,0.0714285714285714,1.0,1.0714285714285714,2.0,0.1538461538461538,2.0,1.0,33.0,1.0,0.0,0.0,0.0,0.0,0.0,0.0,33.0,9.0,0.8654761904285715,1.1,6.058333333,0.0,0.0,0.0,32.0,0.0714285714285714,1.0,0.0714285714285714,1.0,0.0714285714285714,1.0,0.0714285714285714,1.0,1.0303030303030305,2.0,0.0303030303030303,1.0,1.0,16.0,11.0
piggymetrics,notification-service,0.5,0.25,0.25,0.2730828967604916,0.3472222222222222,0.1148989898989899,0.1148989898989899,5.5,0.1331397592312931,0.2748185857140143,32.4344634807386,20.0,0.3181818181818182,7.0,1.1363636363636365,2.0,0.2727272727272727,6.0,1.0634920634920637,67.0,3.0,0.8412698412698413,53.0,16.0,0.8412698412698413,53.0,29.0,67.0,7.0,0.4355555555,0.833333333,4.3555555550000005,14.333333333333334,903.0,841.0,56.0,0.1363636363636363,3.0,0.1363636363636363,3.0,0.1363636363636363,3.0,0.1363636363636363,3.0,1.1746031746031746,4.0,0.2222222222222222,14.0,7.0,19.0,14.0
piggymetrics,statistics-service,0.5,0.3333333333333333,0.1666666666666666,0.2730829589093397,0.3968253968253968,0.1148989898989899,0.1148989898989899,6.25,0.1331397592312932,0.2748185857140144,32.434463480738536,40.0,0.1851851851851851,5.0,1.1111111111111112,2.0,0.1851851851851851,5.0,1.11,111.0,4.0,0.74,74.0,10.0,0.74,74.0,21.0,111.0,16.0,0.5915426588125,1.0,9.464682541,7.28,728.0,441.0,95.0,0.1111111111111111,3.0,0.1111111111111111,3.0,0.1111111111111111,3.0,0.1111111111111111,3.0,1.05,3.0,0.43,43.0,10.0,27.0,17.0
sample-spring-cloud-webflux,gateway-service,1.25,0.5,0.75,0.5732796446078026,0.6666666666666666,0.8333333333333333,0.8333333333333333,3.0,0.3636363636363636,0.7083333333333334,5.207349760392519,0.0,0.0,0.0,1.0,1.0,0.0,0.0,1.0,8.0,1.0,0.0,0.0,0.0,0.0,0.0,0.0,8.0,3.0,1.0,2.0,2.0,0.0,0.0,0.0,8.0,0.0,0.0,0.0,0.0,0.0,0.0,0.0,0.0,1.125,2.0,0.25,2.0,1.0,0.0,0.0
sample-spring-microservices-new,department-service,0.8571428571428571,0.4285714285714285,0.4285714285714285,0.2670565257652674,0.5142857142857142,0.0218253968253968,0.0218253968253968,4.333333333333333,0.3193916349809886,0.1746031746031746,41.12059630562406,0.0,0.0,0.0,1.0,1.0,0.0,0.0,1.0,44.0,1.0,0.3181818181818182,14.0,9.0,0.3181818181818182,14.0,3.0,44.0,11.0,0.3930555555,0.775,2.358333333,0.5454545454545454,24.0,9.0,44.0,0.0,0.0,0.0,0.0,0.0,0.0,0.0,0.0,1.0,1.0,0.5,22.0,6.0,11.0,6.0
sample-spring-microservices-new,employee-service,0.8571428571428571,0.5714285714285714,0.2857142857142857,0.4083148800996026,0.6428571428571428,0.0218253968253968,0.0218253968253968,5.0,0.3193916349809886,0.1746031746031745,41.12059630562399,0.0,0.0,0.0,1.0,1.0,0.0,0.0,1.0,37.0,1.0,0.4054054054054054,15.0,9.0,0.4054054054054054,15.0,3.0,37.0,15.0,0.1619047619999999,0.80952381,0.80952381,0.6756756756756757,25.0,9.0,37.0,0.0,0.0,0.0,0.0,0.0,0.0,0.0,0.0,1.0,1.0,0.5945945945945946,22.0,10.0,8.0,5.0
sample-spring-microservices-new,organization-service,0.8571428571428571,0.2857142857142857,0.5714285714285714,0.1746668274065739,0.4285714285714285,0.0218253968253968,0.0218253968253968,3.6666666666666665,0.3193916349809886,0.1746031746031748,41.12059630562408,0.0,0.0,0.0,1.0,1.0,0.0,0.0,1.0,53.0,1.0,0.2452830188679245,13.0,11.0,0.2452830188679245,13.0,2.0,53.0,13.0,0.3976190475714286,0.833333333,2.783333333,0.3584905660377358,19.0,4.0,53.0,0.0,0.0,0.0,0.0,0.0,0.0,0.0,0.0,1.0,1.0,0.4150943396226415,22.0,6.0,11.0,7.0
spring-boot-microservices-workshop,movie-catalog-service,1.0,0.0,1.0,1.989329237967547e-06,0.0,0.0,0.0,0.0,0.5714285714285714,0.4166666666666667,4.248218608460323,0.0,0.0,0.0,1.0,1.0,0.0,0.0,1.0,29.0,1.0,0.1724137931034483,5.0,1.0,0.1724137931034483,5.0,5.0,29.0,8.0,0.661904762,0.714285714,2.647619048,0.8620689655172413,25.0,25.0,29.0,0.0,0.0,0.0,0.0,0.0,0.0,0.0,0.0,1.0344827586206895,2.0,0.0689655172413793,2.0,2.0,1.0,1.0
spring-boot-microservices-workshop,ratings-data-service,0.6666666666666666,0.3333333333333333,0.3333333333333333,0.0014104344297189,0.3333333333333333,0.0,0.0,1.0,0.4444444444444444,0.1666666666666666,3.0185860343596342,0.0,0.0,0.0,1.0,1.0,0.0,0.0,1.0,14.0,1.0,0.0,0.0,0.0,0.0,0.0,0.0,14.0,5.0,0.625,0.75,1.25,0.0,0.0,0.0,14.0,0.0,0.0,0.0,0.0,0.0,0.0,0.0,0.0,1.0,1.0,0.0,0.0,0.0,1.0,1.0
train-ticket,ts-admin-order-service,0.0571428571428571,0.0,0.0571428571428571,1.2926913944249798e-13,0.0,0.0,0.0,0.0,0.0250302799927257,0.0096182941256046,6.432437117634174,26.0,0.4444444444444444,4.0,1.1111111111111112,2.0,0.1777777777777777,1.6,1.148148148148148,62.0,3.0,0.0,0.0,0.0,0.0,0.0,0.0,62.0,13.0,0.3513347763333334,0.583333333,2.108008658,0.0,0.0,0.0,50.0,0.1111111111111111,1.0,0.1111111111111111,1.0,0.1111111111111111,1.0,0.1111111111111111,1.0,1.0925925925925926,2.0,0.4074074074074074,22.0,6.0,2.0,4.0
train-ticket,ts-admin-route-service,0.0571428571428571,0.0,0.0571428571428571,1.2926913944249798e-13,0.0,0.0,0.0,0.0,0.0250017513704815,0.021394377357158,6.036703763488904,22.0,0.4285714285714285,3.0,1.1428571428571428,2.0,0.1714285714285714,1.2,1.3461538461538465,35.0,5.0,0.0,0.0,0.0,0.0,0.0,0.0,35.0,14.0,0.4930555555,0.583333333,1.972222222,0.0,0.0,0.0,23.0,0.1428571428571428,1.0,0.1428571428571428,1.0,0.1428571428571428,1.0,0.1428571428571428,1.0,1.1923076923076923,2.0,1.0769230769230769,28.0,10.0,2.0,2.0
train-ticket,ts-admin-travel-service,0.1428571428571428,0.0,0.1428571428571428,1.2926913944249798e-13,0.0,0.0,0.0,0.0,0.0351279071592275,0.0521402604520418,35.79718626177077,62.0,0.5714285714285714,4.0,1.1428571428571428,2.0,0.126984127,0.888888889,1.575,63.0,7.0,0.0,0.0,0.0,0.0,0.0,0.0,63.0,32.0,0.3625,0.5,1.45,0.0,0.0,0.0,36.0,0.1428571428571428,1.0,0.1428571428571428,1.0,0.1428571428571428,1.0,0.1428571428571428,1.0,1.2,2.0,1.55,62.0,11.0,2.0,2.0
train-ticket,ts-assurance-service,0.0571428571428571,0.0571428571428571,0.0,1.679206121358046e-10,0.0571428571428571,0.0,0.0,2.0,0.0257565554155704,0.0068873098756474,8.981459248546614,54.0,0.6666666666666666,8.0,1.0833333333333333,2.0,0.1818181818181818,2.0,1.1666666666666667,77.0,3.0,0.0,0.0,0.0,0.0,0.0,0.0,77.0,19.0,0.2179232803333333,0.666666667,1.307539682,0.0,0.0,0.0,58.0,0.0833333333333333,1.0,0.0833333333333333,1.0,0.0833333333333333,1.0,0.0833333333333333,1.0,1.1666666666666667,3.0,0.3636363636363636,24.0,4.0,9.0,6.0
train-ticket,ts-cancel-service,0.1428571428571428,0.0,0.1428571428571428,1.2926913944249798e-13,0.0,0.0,0.0,0.0,0.0334791737192094,0.1710208893113879,14.872778211740506,134.0,0.2,2.0,1.1,2.0,0.0333333333,0.333333333,1.648648648648649,61.0,14.0,0.0,0.0,0.0,0.0,0.0,0.0,61.0,36.0,0.48024891775,0.659090909,1.920995671,0.0,0.0,0.0,35.0,0.1,1.0,0.1,1.0,0.1,1.0,0.1,1.0,1.351351351351351,6.0,1.891891891891892,70.0,23.0,2.0,2.0
train-ticket,ts-config-service,0.0571428571428571,0.0571428571428571,0.0,0.0038458280868001,0.1503105590062111,0.0,0.0,5.999999999999999,0.0247141119197419,0.0247141502020539,5.094163862480831,22.0,0.5,5.0,1.1,2.0,0.2,2.0,1.1333333333333333,51.0,3.0,0.0,0.0,0.0,0.0,0.0,0.0,51.0,11.0,0.3694444445,1.0,2.216666667,0.0,0.0,0.0,40.0,0.1,1.0,0.1,1.0,0.1,1.0,0.1,1.0,1.1333333333333333,2.0,0.4222222222222222,19.0,5.0,12.0,7.0
train-ticket,ts-consign-price-service,0.0285714285714285,0.0285714285714285,0.0,5.4448420071459114e-08,0.0514285714285714,0.0,0.0,2.0,0.0139227157899016,0.0,1.7625693155731017,14.0,0.4,4.0,1.1,2.0,0.2,2.0,1.0857142857142856,38.0,3.0,0.0,0.0,0.0,0.0,0.0,0.0,38.0,8.0,0.4352380952,1.0,2.176190476,0.0,0.0,0.0,31.0,0.1,1.0,0.1,1.0,0.1,1.0,0.1,1.0,1.1142857142857143,3.0,0.3142857142857143,11.0,9.0,12.0,7.0
train-ticket,ts-consign-service,0.0857142857142857,0.0571428571428571,0.0285714285714285,1.679206121358046e-10,0.0571428571428571,0.0016806722689075,0.0016806722689075,2.0,0.026437494199981,0.0638170468397428,9.958915942203546,22.0,0.3846153846153846,5.0,1.0769230769230769,2.0,0.1515151515454545,1.666666667,1.1521739130434785,53.0,3.0,0.0,0.0,0.0,0.0,0.0,0.0,53.0,13.0,0.2537037038333333,0.6,1.522222223,0.0,0.0,0.0,41.0,0.0769230769230769,1.0,0.0769230769230769,1.0,0.0769230769230769,1.0,0.0769230769230769,1.0,1.108695652173913,2.0,0.6521739130434783,30.0,8.0,12.0,7.0
train-ticket,ts-contacts-service,0.0857142857142857,0.0857142857142857,0.0,2.5181628363398655e-10,0.0857142857142857,0.0,0.0,3.0,0.0302833153731375,0.0451079623333519,11.962054753755886,42.0,0.7,7.0,1.1,2.0,0.2,2.0,1.2542372881355932,74.0,8.0,0.0,0.0,0.0,0.0,0.0,0.0,74.0,14.0,0.3776862025999999,1.0,1.888431013,0.0,0.0,0.0,52.0,0.1,1.0,0.1,1.0,0.1,1.0,0.1,1.0,1.1355932203389831,2.0,0.4915254237288136,29.0,9.0,12.0,7.0
train-ticket,ts-food-service,0.1428571428571428,0.0571428571428571,0.0857142857142857,1.679206121358046e-10,0.0571428571428571,0.0042016806722689,0.0042016806722689,2.0,0.0327965999849843,0.1947760160155597,20.7789804017349,162.0,0.5714285714285714,12.0,1.0952380952380951,2.0,0.1785714285714285,3.75,1.432098765432099,116.0,15.0,0.0,0.0,0.0,0.0,0.0,0.0,116.0,33.0,0.482674319625,1.0,3.861394557,0.0,0.0,0.0,69.0,0.0952380952380952,2.0,0.0952380952380952,2.0,0.0952380952380952,2.0,0.0952380952380952,2.0,1.2962962962962965,5.0,0.8395061728395061,68.0,27.0,25.0,12.0
train-ticket,ts-inside-payment-service,0.1428571428571428,0.0571428571428571,0.0857142857142857,1.679206121358046e-10,0.0571428571428571,0.0021008403361344,0.0021008403361344,2.0,0.0334042231488389,0.1262893132236247,17.075194382666115,120.0,0.4736842105263157,9.0,1.0526315789473684,2.0,0.0789473684210526,1.5,1.382716049382716,112.0,9.0,0.0,0.0,0.0,0.0,0.0,0.0,112.0,40.0,0.3062121212,0.522727273,1.531060606,0.0,0.0,0.0,72.0,0.0526315789473684,1.0,0.0526315789473684,1.0,0.0526315789473684,1.0,0.0526315789473684,1.0,1.2345679012345678,4.0,0.8765432098765432,71.0,21.0,15.0,9.0
train-ticket,ts-notification-service,0.0571428571428571,0.0285714285714285,0.0285714285714285,8.402494063762365e-11,0.0285714285714285,0.0008403361344537,0.0008403361344537,1.0,0.0161631010966359,0.057142857142858,2.6013917891190386,12.0,0.25,4.0,1.0625,2.0,0.1333333333333333,2.0,1.0192307692307692,53.0,2.0,0.0,0.0,0.0,0.0,0.0,0.0,53.0,9.0,0.4210978836666667,0.857142857,2.5265873020000003,0.0,0.0,0.0,48.0,0.0625,1.0,0.0625,1.0,0.0625,1.0,0.0625,1.0,1.1153846153846154,2.0,0.0576923076923076,3.0,2.0,15.0,9.0
train-ticket,ts-order-service,0.2571428571428571,0.2285714285714285,0.0285714285714285,0.0038459373189644,0.2571428571428571,0.0035714285714285,0.003641456582633,11.0,0.0403513917313028,0.1993790080243659,53.16418552382257,200.0,1.5,18.0,1.0833333333333333,2.0,0.1428571428333333,1.714285714,1.4744525547445255,202.0,18.0,0.0875912408759124,12.0,5.0,0.0875912408759124,12.0,8.0,202.0,68.0,0.5671154572857143,1.0,3.969808201,0.5255474452554745,72.0,64.0,119.0,0.0833333333333333,1.0,0.0833333333333333,1.0,0.0833333333333333,1.0,0.0833333333333333,1.0,1.2262773722627738,10.0,0.7883211678832117,108.0,22.0,12.0,7.0
train-ticket,ts-preserve-other-service,0.3142857142857143,0.0,0.3142857142857143,1.2926913944249798e-13,0.0,0.0,0.0,0.0,0.0425457357921408,0.2613748380860873,78.25189828213092,74.0,0.1111111111111111,1.0,1.1111111111111112,2.0,0.0170940171111111,0.153846154,1.5806451612903225,49.0,19.0,0.0,0.0,0.0,0.0,0.0,0.0,49.0,31.0,0.69791666675,1.0,2.791666667,0.0,0.0,0.0,30.0,0.1111111111111111,1.0,0.1111111111111111,1.0,0.1111111111111111,1.0,0.1111111111111111,1.0,1.1612903225806452,4.0,1.7096774193548387,53.0,33.0,4.0,4.0
train-ticket,ts-preserve-service,0.3142857142857143,0.0,0.3142857142857143,1.2926913944249798e-13,0.0,0.0,0.0,0.0,0.0425700420033954,0.2582182859245805,83.99939571638457,74.0,0.1111111111111111,1.0,1.1111111111111112,2.0,0.0170940171111111,0.153846154,1.5806451612903225,49.0,19.0,0.0,0.0,0.0,0.0,0.0,0.0,49.0,31.0,0.69791666675,1.0,2.791666667,0.0,0.0,0.0,30.0,0.1111111111111111,1.0,0.1111111111111111,1.0,0.1111111111111111,1.0,0.1111111111111111,1.0,1.1612903225806452,4.0,1.7419354838709675,54.0,34.0,4.0,4.0
train-ticket,ts-price-service,0.0571428571428571,0.0571428571428571,0.0,0.003845773722405,0.1382857142857143,0.0,0.0,5.666666666666665,0.0244131648141238,0.0210334681114627,5.05986802118967,44.0,0.7,7.0,1.1,2.0,0.2,2.0,1.2156862745098038,62.0,4.0,0.0,0.0,0.0,0.0,0.0,0.0,62.0,18.0,0.3681818183999999,1.0,1.840909092,0.0,0.0,0.0,44.0,0.1,1.0,0.1,1.0,0.1,1.0,0.1,1.0,1.1764705882352942,3.0,0.3529411764705882,18.0,6.0,12.0,7.0
train-ticket,ts-rebook-service,0.1714285714285714,0.0,0.1714285714285714,1.2926913944249798e-13,0.0,0.0,0.0,0.0,0.0375985716991094,0.1221964175541738,41.12442466093225,152.0,0.2222222222222222,2.0,1.1111111111111112,2.0,0.0261437908888888,0.235294118,2.27027027027027,84.0,18.0,0.0,0.0,0.0,0.0,0.0,0.0,84.0,64.0,0.54687499975,0.770833333,2.187499999,0.0,0.0,0.0,35.0,0.1111111111111111,1.0,0.1111111111111111,1.0,0.1111111111111111,1.0,0.1111111111111111,1.0,1.648648648648649,9.0,2.810810810810811,104.0,28.0,7.0,5.0
train-ticket,ts-route-plan-service,0.1142857142857142,0.0285714285714285,0.0857142857142857,8.402494063762365e-11,0.0285714285714285,0.0002801120448179,0.0002801120448179,1.0,0.0321720810141225,0.0365103843272921,24.393796878014893,74.0,0.4285714285714285,3.0,1.1428571428571428,2.0,0.1071428571428571,0.75,1.6551724137931034,48.0,9.0,0.0,0.0,0.0,0.0,0.0,0.0,48.0,27.0,0.470238095,0.714285714,1.88095238,0.0,0.0,0.0,26.0,0.1428571428571428,1.0,0.1428571428571428,1.0,0.1428571428571428,1.0,0.1428571428571428,1.0,1.4137931034482758,4.0,2.3448275862068964,68.0,27.0,2.0,2.0
train-ticket,ts-route-service,0.1999999999999999,0.1999999999999999,0.0,0.003869522321823,0.2304761904761904,0.0,0.0,9.0,0.0374485216819562,0.1022558528763639,48.91876868783647,48.0,0.5454545454545454,6.0,1.0909090909090908,2.0,0.2,2.0,1.2884615384615383,67.0,6.0,0.0,0.0,0.0,0.0,0.0,0.0,67.0,21.0,0.2063131313333333,0.416666667,1.237878788,0.0,0.0,0.0,46.0,0.0909090909090909,1.0,0.0909090909090909,1.0,0.0909090909090909,1.0,0.0909090909090909,1.0,1.1538461538461535,3.0,0.5,26.0,11.0,12.0,7.0
train-ticket,ts-seat-service,0.2571428571428571,0.1714285714285714,0.0857142857142857,2.3721501245379898e-05,0.1928571428571428,0.0193277310924369,0.0194677871148459,7.5,0.0410795797186183,0.1745840634006986,81.68642107617592,52.0,0.2857142857142857,2.0,1.1428571428571428,2.0,0.1142857142857143,0.8,1.5,36.0,7.0,0.0,0.0,0.0,0.0,0.0,0.0,36.0,17.0,0.52083333325,0.75,2.083333333,0.0,0.0,0.0,22.0,0.1428571428571428,1.0,0.1428571428571428,1.0,0.1428571428571428,1.0,0.1428571428571428,1.0,1.25,3.0,1.5,36.0,16.0,2.0,2.0
train-ticket,ts-security-service,0.1142857142857142,0.0571428571428571,0.0571428571428571,1.679206121358046e-10,0.0571428571428571,0.0008403361344537,0.0008403361344537,2.0,0.0338689455057337,0.0597270069018055,24.041711766019752,22.0,0.5,5.0,1.1,2.0,0.125,1.25,1.148936170212766,54.0,3.0,0.0,0.0,0.0,0.0,0.0,0.0,54.0,15.0,0.39464285725,0.628571429,1.578571429,0.0,0.0,0.0,42.0,0.1,1.0,0.1,1.0,0.1,1.0,0.1,1.0,1.127659574468085,2.0,0.6170212765957447,29.0,9.0,5.0,7.0
train-ticket,ts-train-food-service,0.0285714285714285,0.0285714285714285,0.0,5.4448420071459114e-08,0.0514285714285714,0.0,0.0,2.0,0.0155060478876874,0.0,2.0201898350183236,30.0,0.375,3.0,1.125,2.0,0.25,2.0,1.380952380952381,29.0,3.0,0.0,0.0,0.0,0.0,0.0,0.0,29.0,8.0,0.4583333333333333,0.5,1.375,0.0,0.0,0.0,18.0,0.125,1.0,0.125,1.0,0.125,1.0,0.125,1.0,1.4285714285714286,4.0,0.6190476190476191,13.0,3.0,7.0,5.0
train-ticket,ts-train-service,0.1999999999999999,0.1999999999999999,0.0,0.0038694951396254,0.2304761904761904,0.0,0.0,9.0,0.0379879333908327,0.0968780757352626,52.61160673573367,58.0,0.7,7.0,1.1,2.0,0.2,2.0,1.2758620689655171,74.0,3.0,0.0,0.0,0.0,0.0,0.0,0.0,74.0,16.0,0.4218734968333333,1.0,2.531240981,0.0,0.0,0.0,51.0,0.1,1.0,0.1,1.0,0.1,1.0,0.1,1.0,1.2413793103448276,2.0,0.5,29.0,3.0,12.0,7.0
train-ticket,ts-travel-plan-service,0.1428571428571428,0.0,0.1428571428571428,1.2926913944249798e-13,0.0,0.0,0.0,0.0,0.0346705950425055,0.0533505194323301,36.03156252272678,24.0,0.4,4.0,1.1,2.0,0.0666666667,0.666666667,1.1395348837209305,49.0,3.0,0.0465116279069767,2.0,2.0,0.0465116279069767,2.0,2.0,49.0,18.0,0.6053030303333333,1.0,3.631818182,0.0930232558139534,4.0,4.0,39.0,0.1,1.0,0.1,1.0,0.1,1.0,0.1,1.0,1.162790697674419,3.0,0.4186046511627907,18.0,3.0,7.0,5.0
train-ticket,ts-travel-service,0.2857142857142857,0.1714285714285714,0.1142857142857142,8.20500959943606e-08,0.175,0.017296918767507,0.0172268907563025,6.5,0.041122789366116,0.1820724278841263,97.71209267419673,148.0,0.9285714285714286,13.0,1.0714285714285714,2.0,0.0844155844285714,1.181818182,1.4257425742574257,144.0,6.0,0.0,0.0,0.0,0.0,0.0,0.0,144.0,54.0,0.4953609821428571,1.0,3.467526875,0.0,0.0,0.0,88.0,0.0714285714285714,1.0,0.0714285714285714,1.0,0.0714285714285714,1.0,0.0714285714285714,1.0,1.2673267326732671,5.0,1.099009900990099,111.0,10.0,8.0,7.0
train-ticket,ts-travel2-service,0.2285714285714285,0.1142857142857142,0.1142857142857142,2.7517909520542843e-08,0.1142857142857142,0.0080532212885154,0.0079831932773109,4.0,0.0389653542571212,0.1023286071670672,70.1692856597961,118.0,0.8461538461538461,11.0,1.0769230769230769,2.0,0.0916666666666666,1.1,1.3440860215053765,125.0,6.0,0.0,0.0,0.0,0.0,0.0,0.0,125.0,47.0,0.4382006881428571,1.0,3.067404817,0.0,0.0,0.0,82.0,0.0769230769230769,1.0,0.0769230769230769,1.0,0.0769230769230769,1.0,0.0769230769230769,1.0,1.2473118279569892,5.0,0.956989247311828,89.0,10.0,8.0,6.0
website,backend,0.5,0.25,0.25,0.3768150168973653,0.5,0.0833333333333333,0.0833333333333333,2.333333333333333,0.2580645161290322,0.1458333333333333,3.1036748801962624,156.0,0.2083333333333333,25.0,1.65,4.0,0.2355345911981131,24.966666667,1.1117824773413898,368.0,6.0,0.8761329305135952,290.0,45.0,0.8761329305135952,290.0,25.0,368.0,19.0,0.793417180319149,2.0,37.290607475,5.093655589123867,1686.0,625.0,306.0,0.9,108.0,0.5666666666666667,68.0,0.9,108.0,0.5666666666666667,68.0,1.0845921450151057,4.0,0.3746223564954682,124.0,13.0,110.0,65.0
